id,name,price,cost,weight_grams
bk-001,The Art of Spending Money,159,,
bk-002,The Art of Clarity,159,,
bk-003,Don't sweat the small stuff,129,,
bk-004,Letters to Milena,139,,
bk-005,Atomic Habits,139,,
bk-006,The Psychology of Money,139,,
bk-007,Surrounded by Idiots,139,,
bk-008,The Palace of Illusions,159,,
bk-009,The Courage to Be Disliked,159,,
bk-010,The Subtle Art of Not Giving a F*ck,129,,
bk-011,Talking with Psychopaths,149,,
bk-012,The Laws of Human Nature,329,,
bk-013,The 48 Laws of Power,319,,
bk-014,Diary of a CEO,179,,
bk-015,Red Flags and Rishtas,159,,
bk-016,The Inmate,149,,
bk-017,The Housemaid,139,,
bk-018,The Housemaid's Secret,139,,
bk-019,The Housemaid Is Watching,139,,
bk-020,The Locked Door,139,,
bk-021,Never Lie,139,,
bk-022,Days at the Morisaki Bookshop,139,,
bk-023,More Days at the Morisaki Bookshop,139,,
bk-024,All He'll Ever Be,239,,
bk-025,Was I Ever Enough,139,,
bk-027,Can We Be Strangers Again,139,,
bk-028,Thank You for Leaving,129,,
bk-029,Too Good to Be True,159,,
bk-030,I Don't Love You Anymore,109,,
bk-031,Don't Believe Everything You Think,109,,
bk-032,The Art of Not Overthinking,109,,
bk-033,The Art of Laziness,149,,
bk-034,The Art of Being Alone,139,,
bk-035,The Art of Reading People's Mind,139,,
bk-036,The 5 Types of Wealth,199,,
bk-037,The Let Them Theory,189,,
bk-038,The First 90 Days,189,,
bk-039,Life's Amazing Secret,139,,
bk-040,Energize Your Mind,139,,
bk-041,The Kite Runner,169,,
bk-042,A Thousand Splendid Suns,169,,
bk-043,And the Mountains Echoed,159,,
bk-044,The Mountain Is You,149,,
bk-045,Before the Coffee Gets Cold,139,,
bk-046,Tales from the Cafe,139,,
bk-047,Before Your Memory Fades,139,,
bk-048,Before We Say Goodbye,139,,
bk-049,Before We Forget Kindness,139,,
bk-050,Twisted Love,159,,
bk-051,Twisted Games,179,,
bk-052,Twisted Hate,179,,
bk-053,Twisted Lies,179,,
bk-054,King of Wrath,179,,
bk-055,King of Pride,179,,
bk-056,King of Greed,169,,
bk-057,King of Sloth,169,,
bk-058,The God of Small Things,159,,
bk-059,Forest of Enhancement,189,,
bk-060,The Last Queen,189,,
bk-061,Ugly Love,159,,
bk-062,A Little Life,339,,
bk-063,Dark Matter,179,,
bk-064,Verity,189,,
bk-065,Zero to One,149,,
bk-066,The $100 Startup,149,,
bk-067,The Lean Startup,159,,
bk-068,The Hard Thing About Hard Things,189,,
bk-069,Blue Ocean Strategy,189,,
bk-070,Ram Sita Raavan,509,,
bk-071,Ram: Scion of Ikshvaku,159,,
bk-072,Sita: Warrior of Mithila,189,,
bk-073,Raavan: Enemy of Aryavarta,189,,
bk-074,"The Shiva Trilogy: Meluha, Nagas & Vayaputra",509,,
bk-075,The Immortals of Meluha,159,,
bk-076,The Secret of the Nagas,159,,
bk-077,The Oath of the Vayaputras,239,,
bk-078,Mahagatha: 100 Tales from the Puranas,189,,
bk-079,The Naga Warrior,169,,
bk-080,The Gita: For Children,149,,
bk-081,Myth = Mythya,149,,
bk-082,The Bhagavad Gita,289,,
bk-083,The Hidden Hindu,429,,
bk-084,Mahabharat Unraveled,159,,
bk-085,Ramayan Unraveled,159,,
bk-086,The Metamorphosis,109,,
bk-087,The Trial,129,,
bk-088,Notes from Underground,109,,
bk-089,Crime and Punishment,199,,
bk-090,White Nights,109,,
bk-091,The Alchemist,109,,
bk-092,Haunting Adeline,209,,
bk-093,Hunting Adeline,209,,
bk-094,Pride and Prejudice,159,,
bk-095,Make Epic Money,159,,
bk-096,Do Epic Shit,189,,
bk-097,Get Epic Shit Done,189,,
bk-098,Dark Psychology,139,,
bk-099,"Red, White & Royal Blue",189,,
bk-101,The Love Hypothesis,159,,
bk-102,Love from Lahore,159,,
bk-103,"Love, Theoretically",189,,
bk-104,Icebreaker,189,,
bk-105,Wildfire,169,,
bk-106,Family of Liars,159,,
bk-107,Before the Coffee Gets Cold Series Set,609,,
bk-108,Jujutsu Kaisen Set (Volumes 1-21),2239,,
bk-109,Harry Potter Series Set (Books 1-7),1409,,
bk-110,Agatha Christie Classic Collection Set,709,,
bk-111,Dark Verse Series Set,659,,
bk-112,A Good Girl's Guide to Murder Series Set,489,,
bk-113,Kings of Sin Series Set,659,,
bk-114,Twisted Series Set,659,,
bk-115,The Shiva Trilogy Set,509,,
bk-116,Chainsaw Man Set (Volumes 1-11+),2509,,
bk-117,Diary of a Wimpy Kid Series Set,1809,,
bk-118,The Lord of the Rings Trilogy Set,459,,
bk-119,The Hunger Games Trilogy Set,659,,
bk-120,A Good Girl's Guide to Murder,159,,
bk-121,"Good Girl, Bad Blood",189,,
bk-122,As Good As Dead,209,,
bk-123,The Seven Husbands of Evelyn Hugo,189,,
bk-124,And Then There Were None,159,,
bk-125,The Murder of Roger Ackroyd,159,,
bk-126,Murder on the Orient Express,159,,
bk-127,Death on the Nile,159,,
bk-128,The A.B.C. Murders,159,,
bk-129,A Murder Is Announced,159,,
bk-130,The Almanack of Naval Ravikant,159,,
bk-131,Crucial Conversations: Tools for Talking When Stakes Are High,159,,
bk-132,Breaking the Habit of Being Yourself,209,,
bk-133,Everything I Know About Love,179,,
bk-134,Becoming Supernatural,189,,
bk-135,You Are the Placebo,209,,
bk-517,"Thinking, Fast and Slow",209,,
bk-137,The Hidden Hindu: Book 1,159,,
bk-138,The Hidden Hindu: Book 2,159,,
bk-139,The Hidden Hindu: Book 3,189,,
bk-140,The Secret,139,,
bk-141,The Magic,139,,
bk-142,The Power,139,,
bk-143,No Excuses!,179,,
bk-144,Influence: The Psychology of Persuasion,189,,
bk-145,The Silent Patient,159,,
bk-146,Can't Hurt Me,189,,
bk-147,Master Your Emotions,159,,
bk-148,Make Time,159,,
bk-150,The Courage to Be Happy,159,,
bk-151,Mindset: The New Psychology of Success,149,,
bk-152,Kafka on the Shore,209,,
bk-153,Norwegian Wood,169,,
bk-154,Sputnik Sweetheart,159,,
bk-155,Men Without Women,139,,
bk-156,My Friends,199,,
bk-157,Anxious People,179,,
bk-158,Mossad: The Greatest Missions of the Israeli Secret Service,189,,
bk-159,Commando,179,,
bk-160,You've Reached Sam,159,,
bk-161,Ignited Minds: Unleashing the Power Within India,139,,
bk-162,"Elon Musk: Tesla, SpaceX, and the Quest for a Fantastic Future",209,,
bk-163,"Lean In: Women, Work, and the Will to Lead",159,,
bk-164,The Design of Everyday Things,189,,
bk-165,"Men Are from Mars, Women Are from Venus",189,,
bk-166,The Guest List,179,,
bk-167,The One Thing,159,,
bk-168,Why We Sleep,199,,
bk-169,Manifest (Price Drop),1,,
bk-170,The Psychology of Money (Price Drop),1,,
bk-171,The Subtle Art of Not Giving a F*ck (Price Drop),1,,
bk-173,The Art of Laziness (Price Drop),1,,
bk-174,I Don't Love You Anymore (Price Drop),1,,
bk-175,Don't Believe Everything You Think (Price Drop),1,,
bk-176,The Art of Not Overthinking (Price Drop),1,,
bk-177,The Metamorphosis (Price Drop),1,,
bk-178,Notes from Underground (Price Drop),1,,
bk-179,White Nights (Price Drop),1,,
bk-180,The Alchemist (Price Drop),1,,
bk-181,Don't Sweat the Small Stuff (Price Drop),1,,
bk-182,Thank You for Leaving (Price Drop),1,,
bk-183,The Trial (Price Drop),1,,
bk-184,Manifest: 7 Steps to Living Your Best Life ,139,,
bk-185,Diwar Mein Ek Khidki Rahti Thi,149,,
bk-186,Wise and Otherwise: A Salute to Life,139,,
bk-187,Three Thousand Stitches,139,,
bk-188,The Day I Stopped Drinking Milk,139,,
bk-189,The Old Man and His God,139,,
bk-190,Something Happened on the Way to Heaven,139,,
bk-191,"Here, There and Everywhere",139,,
bk-192,Common Yet Uncommon,139,,
bk-193,Dollar Bahu,139,,
bk-194,Mahashweta,139,,
bk-195,Gently Falls the Bakula,139,,
bk-196,House of Cards,139,,
bk-197,The Mother I Never Knew,139,,
bk-198,Grandma's Bag of Stories,139,,
bk-199,Grandparents' Bag of Stories,139,,
bk-200,The Magic of the Lost Temple,139,,
bk-201,The Gopi Diaries (Series),139,,
bk-202,How I Taught My Grandmother to Read,139,,
bk-203,The Bird with Golden Wings,139,,
bk-204,The Magic Drum,139,,
bk-205,How the Earth Got Its Beauty,139,,
bk-206,How the Sea Became Salty,139,,
bk-207,How the Onion Got Its Layers,139,,
bk-208,How the Mango Got Its Magic,139,,
bk-209,The Serpent's Revenge,139,,
bk-210,The Upside-Down King,139,,
bk-211,The Man from the Egg,139,,
bk-212,The Sage with Two Horns,139,,
bk-213,Wings of Fire,149,,
bk-214,The Diary of a Young Girl,149,,
bk-215,Autobiography of a Yogi,209,,
bk-216,Becoming,239,,
bk-217,Shoe Dog,189,,
bk-218,I Am Malala,149,,
bk-219,When Breath Becomes Air,209,,
bk-220,Steve Jobs,239,,
bk-221,Elon Musk,239,,
bk-222,Mother Mary Comes to Me,209,,
bk-223,The Teacher,149,,
bk-224,Ward D,139,,
bk-227,The Ex,159,,
bk-228,The Crash,159,,
bk-229,The Coworker,159,,
bk-230,Dead Med,209,,
bk-231,Dear Debbie,199,,
bk-232,Do You Remember,149,,
bk-233,The Wife Upstairs,149,,
bk-234,Fourth Wing,229,,
bk-235,Iron Flame,239,,
bk-236,Onyx Storm,249,,
bk-237,The Fine Print,209,,
bk-238,Terms and Conditions,209,,
bk-239,Final Offer,239,,
bk-240,Dreamland Billionaires Series,559,,
bk-241,Ghosts,199,,
bk-242,Good Material,199,,
bk-244,Dopamine Detox,109,,
bk-245,The Art of Letting Go,139,,
bk-246,The Art of Saying No,139,,
bk-247,The Curse of Letting Go,129,,
bk-248,How to Read a Book,199,,
bk-249,Dark Psychology and Manipulation,119,,
bk-250,The Body Keeps the Score,209,,
bk-251,8 Rules of Love,179,,
bk-252,You Become What You Think,129,,
bk-253,"Build, Don't Talk",139,,
bk-254,Execution,199,,
bk-255,I Want to Die but I Want to Eat Tteokbokki,139,,
bk-257,The Vegetarian,149,,
bk-258,Circe,139,,
bk-259,The Forty Rules of Love,189,,
bk-260,A Woman Is No Man,189,,
bk-261,Once Upon a Broken Heart,189,,
bk-262,The Archer's Voice,189,,
bk-263,The American Roommate Experiment,189,,
bk-264,People We Meet on Vacation,189,,
bk-265,I Fell in Love with Hope,209,,
bk-266,The Castle,169,,
bk-267,Project Hail Mary,199,,
bk-268,The Family Upstairs,209,,
bk-269,7 Deaths of Kashi,159,,
bk-270,Murder at the Bookstore,189,,
bk-271,The Murder After,189,,
bk-272,In Silence We Left Behind,159,,
bk-273,Two Can Play,149,,
bk-274,The Art of War,139,,
bk-275,The Intelligent Investor,239,,
bk-276,Diary of a Wimpy Kid,139,,
bk-277,Rodrick Rules,139,,
bk-278,The Last Straw,139,,
bk-279,Dog Days,139,,
bk-280,The Ugly Truth,139,,
bk-281,Cabin Fever,139,,
bk-282,The Third Wheel,139,,
bk-283,Hard Luck,139,,
bk-284,The Long Haul,139,,
bk-285,Old School,139,,
bk-286,Double Down,139,,
bk-287,The Getaway,139,,
bk-288,The Meltdown,139,,
bk-289,Wrecking Ball,139,,
bk-290,The Deep End,139,,
bk-291,Big Shot,139,,
bk-292,Diper Överlöde,139,,
bk-293,No Brainer,139,,
bk-294,Hot Mess,139,,
bk-295,Partypooper,139,,
bk-296,Fight or Flight,139,,
bk-297,The Girl on the Train,179,,
bk-298,Animal Farm,139,,
bk-299,Deep Work,159,,
bk-300,101 Essays That Will Change The Way You Think,209,,
bk-301,How to Kill Men and Get Away With It,189,,
bk-302,Steal Like an Artist: 10 Things Nobody Told You About Being Creative,169,,
bk-303,"Tuesdays with Morrie: An Old Man, a Young Man, and Life's Greatest Lesson",149,,
bk-304,As Long as the Lemon Trees Grow,229,,
bk-305,"The Daily Stoic: 366 Meditations on Wisdom, Perseverance, and the Art of Living",179,,
bk-306,Normal People,149,,
bk-307,Conversations with Friends,189,,
bk-308,The 7 Habits of Highly Effective People: Powerful Lessons in Personal Change,219,,
bk-309,Sapiens: A Brief History of Humankind,229,,
bk-311,A Gentleman in Moscow,259,,
bk-312,A Promised Land,339,,
bk-313,Absolute Friends,209,,
bk-314,The Accidental Billionaires,309,,
bk-315,Advice & Dissent,209,,
bk-316,Against the Gods,209,,
bk-318,All the Way to the River,309,,
bk-320,An Unsuitable Boy,199,,
bk-322,Andaman Adventure,209,,
bk-323,First Man In,309,,
bk-325,The Art of Detachment,149,,
bk-326,As Good as Dead,209,,
bk-327,Atma Siddhi Shastra,209,,
bk-328,Attitude Is Everything,149,,
bk-329,Azaad,139,,
bk-331,Bad Leadership,309,,
bk-333,Behind the Net,209,,
bk-334,The Autobiography of Benjamin Franklin,139,,
bk-336,Beyond Great,309,,
bk-337,Binge,209,,
bk-338,"Bulls, Bears and Other Beasts",259,,
bk-339,Capital Ideas,309,,
bk-341,Chaos and Order in the Capital Markets,309,,
bk-342,Chasing the Flame,309,,
bk-343,Chatter,209,,
bk-344,Chemistry and Technology of Silicones,309,,
bk-345,Cleopatra and Antony,209,,
bk-346,Coffee Can Investing,199,,
bk-347,Conquering the Chaos,209,,
bk-348,Crazy Rich Asians,189,,
bk-349,Curse for True Love,209,,
bk-350,The Defector,159,,
bk-351,Darkverse Series,1009,,
bk-352,Darkdawn,209,,
bk-353,Data Driven Marketing,209,,
bk-354,Never Finished,159,,
bk-355,Daydream,189,,
bk-357,My Autobiography,309,,
bk-362,Durand's Curse,209,,
bk-365,Equity Culture,209,,
bk-366,Everything Is F*cked,149,,
bk-367,Excuses Begone!,209,,
bk-368,Factfulness,189,,
bk-369,Fault Lines,209,,
bk-370,Fire and Fury,209,,
bk-372,Flawed,220,,
bk-375,The Fury,209,,
bk-376,Girl in Pieces,189,,
bk-378,Global Tilt,209,,
bk-379,Globalization and Its Discontents,209,,
bk-380,Go Set a Watchman,309,,
bk-382,"Good Vibes, Good Life",149,,
bk-383,Great People Decisions,309,,
bk-384,Wise Guy,309,,
bk-385,Harry Potter Set,1409,,
bk-386,Heart Bones,169,,
bk-387,How to Fall in Love,209,,
bk-388,How to Treat Her Right?,139,,
bk-389,HDFC Bank 2.0,209,,
bk-390,I Do What I Do,209,,
bk-391,Ikigai,149,,
bk-392,Insurgent,139,,
bk-393,Inventing Money,209,,
bk-394,Investment Biker,309,,
bk-396,It Starts with Us,159,,
bk-397,Jack: Straight from the Gut,229,,
bk-398,Street Smarts,229,,
bk-399,Jugalbandi,309,,
bk-400,Keep Going,159,,
bk-402,Know How,209,,
bk-403,Lean In,179,,
bk-404,Leading,209,,
bk-405,Light on Yoga,159,,
bk-407,Lost Girls,209,,
bk-408,Lucy Score Book Set,699,,
bk-410,Madam Sir,209,,
bk-411,Magic of the Lost Temple,139,,
bk-412,Malcolm Gladwell,209,,
bk-413,Market Wizards,249,,
bk-414,The Dark Hours,339,,
bk-415,The Target,329,,
bk-417,Mindset,159,,
bk-420,Nani A. Palkhivala - A Life,209,,
bk-421,And Then One Day,409,,
bk-422,Never Split the Difference,159,,
bk-426,One Piece,209,,
bk-428,Origins of the Crash,209,,
bk-429,Paula: My Story So Far,309,,
bk-430,Percy Jackson Ultimate Collection,309,,
bk-431,The Greed Merchants,229,,
bk-434,Quiet,309,,
bk-435,Reengineering the Corporation,309,,
bk-436,Reminders of Him,159,,
bk-437,Rework,179,,
bk-438,Rich Dad Poor Dad,159,,
bk-440,Sacred Games,159,,
bk-442,Shatter Me Series,1309,,
bk-444,Super Trader,209,,
bk-445,Sweet Venom,209,,
bk-447,Technical Analysis of Financial Markets,309,,
bk-450,The Bane Chronicles,209,,
bk-451,The Bell Jar,159,,
bk-452,The Big Short,259,,
bk-453,The Broken Ear,209,,
bk-454,The Comfort Crisis,339,,
bk-456,The Fault in Our Stars,149,,
bk-457,The Final Gambit,179,,
bk-458,The First Fifteen Lives of Harry August,259,,
bk-459,The Girls,289,,
bk-460,The House of Morgan,309,,
bk-461,The Inheritance Games,169,,
bk-463,The Last Letter,239,,
bk-464,The Leadership Engine,309,,
bk-466,The Lords of Strategy,309,,
bk-467,The Maverick Effect,259,,
bk-468,The Mind of Wall Street,309,,
bk-470,The Naturals Set,999,,
bk-471,The Power Broker,309,,
bk-472,The Second Machine Age,309,,
bk-474,The Sun Is Also a Star,199,,
bk-475,The Things We Leave Behind,229,,
bk-477,The Wal-Mart Effect,229,,
bk-478,The Witch of Portobello,209,,
bk-479,The Witcher,209,,
bk-480,The World Is Flat,309,,
bk-481,Things We Never Got Over,239,,
bk-482,Tintin Set,4909,,
bk-483,Tintin,309,,
bk-484,To Catch a Russian Spy,309,,
bk-485,Tom Gates,159,,
bk-487,Tuesdays with Morrie,149,,
bk-488,Unhinged,209,,
bk-489,Venture Deals,339,,
bk-490,An Equal Music,309,,
bk-492,Warmth,139,,
bk-493,We Don't Die,309,,
bk-494,Welcome to the Hyunam-dong Bookshop,159,,
bk-496,When the Wolves Bite,309,,
bk-498,Who Will Cry When You Die?,149,,
bk-499,Why Nations Fail,339,,
bk-500,Wilbur Smith,309,,
bk-501,Winning Ugly,309,,
bk-502,Word Power Made Easy,159,,
bk-505,Your Money & Your Brain,209,,
bk-507,Hero,159,,
bk-508,Crooked House,189,,
bk-509,Blue Sisters,189,,
bk-511,Cleopatra and Frankenstein,189,,
bk-512,The Midnight Library,169,,
bk-513,How to Talk to Anyone: 92 Little Tricks for Big Success in Relationships,169,,
bk-514,"Trading in the Zone: Master the Market with Confidence, Discipline, and a Winning Attitude",169,,
bk-515,The Striker,239,,
bk-516,The Defender,239,,
bk-518,It Ends with Us,169,,
bk-519,The Song of Achilles,199,,
bk-520,A Court of Thorns and Roses,399,,
bk-521,1984,129,,
bk-522,To Kill a Mockingbird,149,,
bk-523,The Great Gatsby,129,,
bk-524,How to Win Friends and Influence People,149,,
bk-525,Think and Grow Rich,129,,
bk-526,Man's Search for Meaning,169,,
bk-527,The Power of Your Subconscious Mind,139,,
bk-528,Where the Crawdads Sing,199,,
bk-529,Five Point Someone,149,,
bk-530,2 States,149,,
bk-531,The 3 Mistakes of My Life,149,,
bk-532,Half Girlfriend,149,,
bk-533,Revolution 2020,149,,
bk-534,The Blue Umbrella,99,,
bk-535,The Room on the Roof,129,,
bk-536,A Flight of Pigeons,129,,
bk-537,Malgudi Days,149,,
bk-538,The Guide,149,,
bk-539,The Monk Who Sold His Ferrari,169,,
bk-540,The 5 AM Club,179,,
bk-541,The Power of Now,199,,
bk-542,Jaya: An Illustrated Retelling of the Mahabharata,299,,
bk-543,Sita: An Illustrated Retelling of the Ramayana,299,,
bk-544,I Too Had a Love Story,139,,
bk-545,November 9,169,,
bk-546,Confess,169,,
bk-547,All Your Perfects,169,,
bk-548,Maybe Someday,169,,
bk-549,Layla,169,,
bk-550,Beach Read,179,,
bk-551,Book Lovers,179,,
bk-552,Happy Place,179,,
bk-553,Funny Story,179,,
bk-554,Not in Love,199,,
bk-555,Bride,199,,
bk-556,Check & Mate,199,,
bk-557,Deep End,199,,
bk-558,Daisy Jones & The Six,199,,
bk-559,Malibu Rising,199,,
bk-560,Carrie Soto Is Back,199,,
bk-561,Things We Hide from the Light,199,,
bk-562,Things We Left Behind,199,,
bk-563,Throne of Glass,349,,
bk-564,Six of Crows,299,,
bk-565,Shadow and Bone,279,,
bk-566,Mistborn: The Final Empire,399,,
bk-567,The Way of Kings,499,,
bk-568,Dune,299,,
bk-569,The Name of the Wind,349,,
bk-570,Red Queen,249,,
bk-571,Gone Girl,199,,
bk-572,Sharp Objects,189,,
bk-573,The Da Vinci Code,199,,
bk-574,Angels & Demons,199,,
bk-575,Inferno,199,,
bk-576,The Girl with the Dragon Tattoo,229,,
bk-577,Shutter Island,189,,
bk-578,Lessons in Chemistry,239,,
bk-579,"Tomorrow, and Tomorrow, and Tomorrow",249,,
bk-580,Yellowface,239,,
bk-581,Babel,349,,
bk-582,Klara and the Sun,229,,
bk-583,Never Let Me Go,199,,
bk-584,The Catcher in the Rye,149,,
bk-585,Brave New World,149,,
bk-586,Little Women,149,,
bk-587,Jane Eyre,149,,
bk-588,Wuthering Heights,149,,
bk-589,The Picture of Dorian Gray,129,,
bk-590,Anna Karenina,199,,
bk-591,War and Peace,299,,
bk-592,Outliers,199,,
bk-593,Blink,199,,
bk-594,Talking to Strangers,199,,
bk-595,The Tipping Point,199,,
bk-596,The 4-Hour Workweek,249,,
bk-597,The Obstacle Is the Way,199,,
bk-598,Ego Is the Enemy,199,,
bk-599,Show Your Work,149,,
bk-600,Eat That Frog,129,,
bk-601,Dopamine Nation,229,,
bk-602,Demon Slayer: Kimetsu no Yaiba,199,,
bk-603,Naruto,199,,
bk-604,Death Note,199,,
bk-605,Attack on Titan,199,,
bk-606,My Hero Academia,199,,
bk-607,Berserk,399,,
bk-608,Tokyo Ghoul,199,,
bk-609,A Random Walk Down Wall Street,299,,
bk-610,When Haru Was Here,169,,
bk-611,Cosmos,199,,
bk-612,I Want to Eat Your Pancreas,179,,
bk-613,The God Delusion,319,,
bk-614,The Off-Campus Set,899,,
bk-615,Surrounded by Psychopaths,149,,
bk-616,Surrounded by Bad Bosses,169,,
bk-617,Surrounded by Setbacks,159,,
bk-618,The Deal,199,,
bk-619,The Mistake,199,,
bk-620,The Score,199,,
bk-621,The Goal,199,,
bk-622,The Legacy,199,,
bk-623,"The Boy, the Mole, the Fox and the Horse",319,,
bk-624,Big Panda and Tiny Dragon,319,,
bk-625,The Journey: A Big Panda and Tiny Dragon Adventure,319,,
bk-626,Japanese Candlestick Charting Techniques,179,,
bk-627,A Court of Mist and Fury,239,,
bk-628,A Court of Wings and Ruin,239,,
bk-629,A Court of Frost and Starlight,239,,
bk-630,A Court of Silver Flames,239,,
bk-631,A Court of Thorns and Roses Box Set (5 Books),1199,,
bk-632,Powerless,199,,
bk-633,Reckless,199,,
bk-634,Fearless,199,,
bk-635,The Powerless Trilogy Box Set (3 Books),599,,
bk-636,The Cruel Prince,199,,
bk-637,The Wicked King,199,,
bk-638,The Queen of Nothing,199,,
bk-639,The Cruel Prince Series Box Set (3 Books),559,,
bk-640,Sunrise on the Reaping,219,,
bk-641,Silver Elite,249,,
bk-642,The Knight and the Moth,299,,
bk-643,Love on the Brain,189,,
bk-644,The Spanish Love Deception,199,,
bk-645,If He Had Been with Me,149,,
bk-646,Intermezzo,239,,
bk-647,"Tomorrow, and Tomorrow, and Tomorrow",199,,
bk-648,The God of the Woods,149,,
bk-649,The Wedding People,229,,
bk-650,Butter,229,,
bk-651,The Widow,199,,
bk-652,First Lie Wins,149,,
bk-653,Outlive,189,,
bk-654,A House Without Windows,199,,
bk-655,Did She Ever Love Me,199,,
